doc_id,title,subject,author,body
001,The Starter Phenomenon,"Physiological Adaptations of Bulbasaur, Charmander, and Squirtle",Prof. Samuel Oak,"My research indicates that the first partner Pokémon a trainer selects often dictates their approach to battling for years to come. When filling your Pokédex, it is vital to understand the elemental ""Rock-Paper-Scissors"" dynamic found in these three species. Bulbasaur (Grass/Poison) draws energy directly from sunlight through the bulb on its back, making it highly self-sufficient in the wild. Charmander (Fire) relies on the maintenance of its tail flame, which indicates its life force. Squirtle (Water) utilizes its shell not just for defense, but to minimize water resistance for high-speed swimming. For a new trainer, I recommend observing how these Pokémon interact with the environment. A Charmander will struggle in the damp caves of Mt. Moon, while a Bulbasaur thrives near the cerulean waters where hydration is plentiful. Capturing wild counterparts of these types requires using the opposing element to weaken them—but be warned, overpowering them will result in a faint, not a capture."
002,Metamorphosis in Bug Pokémon,"Rapid Evolution of Caterpie and Weedle",Prof. Samuel Oak,"One of the most fascinating aspects of Pokémon biology is ""Evolution,"" a process of metamorphosis that changes a creature's physical form and combat capabilities. Nowhere is this more apparent than in the Bug-type Pokémon of Viridian Forest. Caterpie and Weedle have incredibly short life cycles compared to reptilian or mammalian Pokémon. A dedicated trainer can witness a Caterpie evolve into Metapod, and subsequently Butterfree, in a matter of days. Do not underestimate these early captures. While a Metapod or Kakuna may seem dormant—capable only of the move ""Harden""—inside that shell, a complete cellular reconstruction is occurring. Recording this data is essential for the Pokédex. It teaches a trainer patience; the immobile chrysalis is the necessary precursor to the flight capable butterfly or bee."
003,The Cave Ecosystem,"Echolocation in Zubat and Camouflage in Geodude",Prof. Samuel Oak,"Upon entering deep cavernous areas like Mt. Moon or Rock Tunnel, a trainer's Pokédex will likely be overwhelmed by signals from Zubat. These Pokémon lack eyes and rely entirely on ultrasonic waves to navigate. To capture one, you must avoid wild flailing; sound attracts them. Using a Pokémon that can disrupt sound waves or withstand physical bites is prudent. Conversely, Geodude poses a different challenge: identification. They are virtually indistinguishable from the rocks lining the cave floor. Many novice trainers have tripped over a ""rock"" only to find it is a sleeping Geodude. Exercise caution, as they are prone to self-destruction when threatened. A Water or Grass-type move is highly effective here to dampen their explosive tendencies before throwing a Poké Ball."
004,The Instability of Eevee’s DNA,"Evolutionary Stones and Divergent Paths",Prof. Samuel Oak,"Eevee is perhaps the most genetically unstable Pokémon currently known to science. Its DNA is irregular, allowing it to mutate instantly when exposed to radiation from specific elemental stones. This is a critical entry for your Pokédex because a single Eevee can fill only one of three potential slots depending on your choice: Vaporeon (Water), Jolteon (Electric), or Flareon (Fire). Trainers must seek out these evolutionary stones—Water, Thunder, and Fire Stones—usually found in distinct geological strata or sold in commerce centers like Celadon City. You cannot reverse this process. Once an Eevee is exposed to a Thunder Stone, for example, its cellular structure permanently realigns to generate electricity. Choose your evolutionary path based on the gaps in your current team composition."
005,The Ghost Type Anomaly,"Observations at Pokémon Tower",Prof. Samuel Oak,"My visits to the Lavender Town Pokémon Tower have yielded disturbing but significant data regarding Gastly, Haunter, and Gengar. These entities defy standard biological classification. They are composed largely of gas and spiritual energy, making them immune to Normal and Fighting-type physical attacks. A punch thrown at a Gastly will simply pass through its vaporous body. To catalog these Pokémon, a trainer requires the Silph Scope to identify them through their illusions. Once revealed, they must be weakened using elemental attacks or Psychic moves. Be wary of their ""Hypnosis"" and ""Dream Eater"" combination. It is a terrifying strategy that drains the life energy of your Pokémon while they sleep. Documenting these creatures requires a brave heart and a well-rested team."
006,The Magikarp Paradox,"Latent Dragon Energy in Aquatic Life",Prof. Samuel Oak,"Magikarp is widely considered the weakest Pokémon in existence. It is unable to swim against strong currents and is often preyed upon by Pidgeotto. Many trainers catch one, record the data, and immediately release it. This is a grave error in judgment. My research suggests that Magikarp possesses an immense, albeit dormant, reservoir of energy. If a trainer displays exceptional patience and raises a Magikarp despite its inability to battle effectively, the Pokémon undergoes a violent evolution into Gyarados. The cellular structure shifts from a pathetic fish to a massive, serpentine atrocity capable of leveling cities. This entry serves as a reminder: potential is not always visible on the surface. Keep the Magikarp in your party; the reward is worth the effort."
007,Artificial Pokémon,"Porygon, Voltorb, and the Influence of Human Science",Prof. Samuel Oak,"Not all entries in the Pokédex are products of natural selection. We are seeing a rise in Pokémon created or altered by human technology. Porygon, for instance, consists entirely of programming code and can survive in cyberspace. It does not need to breathe or eat, representing a new frontier in Pokémon biology. Similarly, Voltorb and Electrode appear to be rapid mutations occurring in proximity to Poké Ball mass-production facilities. They mimic the appearance of the items used to capture them. This mimicry is a defense mechanism. Trainers should be careful when picking up items in the Power Plant; a ""free"" item ball may actually be a Voltorb preparing to use ""Self-Destruct."" These are essential entries for understanding the intersection of nature and science."
008,The Safari Zone Protocol,"Behavioral Studies of Chansey, Kangaskhan, and Tauros",Prof. Samuel Oak,"The Fuschia City Safari Zone offers a unique challenge for the Pokédex. Traditional battling is prohibited here to preserve the natural habitats of rare species like Kangaskhan and Tauros. Instead, trainers must rely on Bait and Mud. This requires a shift in mindset from ""combatant"" to ""observer."" Throwing Bait makes a Pokémon less likely to flee but harder to catch, as they are busy eating. Throwing Mud angers them, making them easier to catch but more likely to run away. The elusive Chansey is particularly difficult to document here. It is timid and flees at the slightest provocation. A trainer must find the perfect balance of risk and reward to secure these entries."
009,Psychic Singularities,"Abra’s Teleportation and Alakazam’s IQ",Prof. Samuel Oak,"Psychic-type Pokémon present a unique frustration for field researchers. Abra, commonly found near Cerulean City, senses hostility through telepathy. Before a trainer can even command a move, the Abra will use ""Teleport"" to escape the battle. To catch one, you must act instantly—throw a ball immediately upon encounter or put it to sleep before it senses your intent. Its evolved form, Alakazam, is said to have an IQ exceeding 5,000. It calculates battle outcomes faster than a supercomputer. Interestingly, my data suggests that Kadabra (the intermediate stage) will only evolve into Alakazam when subjected to the energy transfer of a trade machine. The electromagnetic fields of the transfer process seem to trigger the final expansion of its brain capacity."
010,The Legendary Birds,"Articuno, Zapdos, and Moltres",Prof. Samuel Oak,"There are myths in Kanto of three winged mirages—birds of ice, lightning, and fire. These are not merely legends; they are apex predators representing the forces of nature. Articuno nests in the frozen Seafoam Islands; Zapdos occupies the abandoned Power Plant; Moltres resides in the volcanic heat of Victory Road. Encountering them is rare; capturing them is a feat only a Pokémon Master can achieve. They do not submit easily. Standard Poké Balls will almost certainly fail. It is rumored that the Sylph Co. has developed a ""Master Ball"" capable of capturing any Pokémon without fail. If you possess such a device, save it for these entities or the genetically engineered creature rumored to exist in the Cerulean Cave. They are the crown jewels of the Kanto Pokédex."
